Id,Key
1d609756-8ae5-4377-8ade-105346be159e,GET_ONBOARDING
eb2eb079-9741-47e4-abca-3529bf98f9e5,GET_ALL_CLAIMS
b7565f96-39ba-424c-a8b9-60ec13220723,GET_SUPPLIER_PROFILE
0f37479f-cc4b-42cc-804c-e9348ecf3897,CREATE_SUPPLIER_PROFILE
641c0389-3498-4bf8-ba77-34cf0343efb5,GET_MY_BUYER_PROFILE
5528ed52-b277-4697-951a-b2836e13da2f,CREATE_BUYER_PROFILE
6cd35b00-d61d-44a2-b70b-a155a5e83e8e,GET_ALL_BUYER
4471c12d-ceaf-4967-ab48-9ab5dcdceff0,UPDATE_BUYER_STATUS
07c522d6-1d1a-44a8-959f-f877ad6d0dca,GET_SUPPLIER_PROFILE
16991c05-3e12-4ac2-9bf7-cbf9e8e9c36f,UPDATE_SUPPLIER_STATUS
36f2f5d7-63d3-4ac6-a2ab-e0361d3f28c7,LOGOUT
bc3cc6e5-ce18-4511-b44e-455b76b01c77,GET_ALL_SUPPLIER
d47dc419-ddae-41f0-8f73-b0cd699311f6,UPDATE_REJECTED_SUPPLIER