Id,Key,Type,Description
eff83cb9-94d8-4211-a100-24f9ea632646,ADDITIONAL_UPLOADED_FILE,ENTITY_TICKET,
a266daa7-a80e-4463-abcc-fbe11294c051,BUYER,ENTITY_TYPE,,
57e6396d-0966-4d7d-9a8a-83a1177ce35d,VAT,ASSET_TYPE,,
9b7fef7b-3842-4683-80ed-3504e2cf5293,GST,ASSET_TYPE,,
b3824ff4-aa23-40b0-ae28-2000f69b1fc7,PAN,ASSET_TYPE,PAN Document
bb5cd0ac-e5bb-44e1-baba-d4e803bf3777,pdf,FILE_TYPE,PDF File
a3ca9dc5-34c0-4676-9de4-9ea4514b725c,jpg,FILE_TYPE,JPG Image
05a6fd88-9b28-40a8-93d8-980bc7c614c4,jpeg,FILE_TYPE,JPEG Image
f877fcc9-100c-4a3d-8c7f-5ab490636146,png,FILE_TYPE,PNG Image
2803cfed-a776-4e0d-bf64-a752e75ad12c,doc,FILE_TYPE,Word Document
4e154045-8d03-4822-91ba-e93d63f24305,docx,FILE_TYPE,Word Document (.docx)
9df09299-2a18-456b-bc5f-20432bbd9c28,xls,FILE_TYPE,Excel Spreadsheet
95a8df52-ee53-4f4e-80f1-2218ee99a03e,xlsx,FILE_TYPE,Excel Spreadsheet (.xlsx)